{
    "Model": "VIT",
    "MOTA": 0.891515048461146,
    "HOTA": 0.9180579932210692,
    "IDF1": 0.9155636695075344,
    "False Positives": 0,
    "False Negatives": 592,
    "ID Switches": 46
}