{
    "Model": "VIT",
    "MOTA": 0.8920251657881313,
    "HOTA": 0.9186071804552992,
    "IDF1": 0.9161113646239196,
    "False Positives": 0,
    "False Negatives": 592,
    "ID Switches": 43
}