{
    "Model": "VIT",
    "MOTA": 0.8462989156058462,
    "HOTA": 0.9147863068709562,
    "IDF1": 0.9120758229171925,
    "False Positives": 18,
    "False Negatives": 909,
    "ID Switches": 51
}