{
    "Model": "VIT",
    "MOTA": 0.8927053222241116,
    "HOTA": 0.9193394301009391,
    "IDF1": 0.9168416247790998,
    "False Positives": 0,
    "False Negatives": 592,
    "ID Switches": 39,
    "Total GT": 5881
}