{
    "Model": "VIT",
    "MOTA": 0.8007612547578422,
    "HOTA": 0.8664135522272338,
    "IDF1": 0.8593622844813888,
    "False Positives": 0,
    "False Negatives": 1442,
    "ID Switches": 76,
    "Total GT": 7619
}