{
    "Model": "VIT",
    "MOTA": 0.7944451722782654,
    "HOTA": 0.8657012078563023,
    "IDF1": 0.8586201801842189,
    "False Positives": 48,
    "False Negatives": 1444,
    "ID Switches": 77
}