{
    "Model": "VIT",
    "MOTA": 0.8010237563984774,
    "HOTA": 0.8663447620761869,
    "IDF1": 0.859340334220871,
    "False Positives": 0,
    "False Negatives": 1437,
    "ID Switches": 79,
    "Total GT": 7619
}