{
    "Model": "VIT",
    "MOTA": 0.8425196850393701,
    "HOTA": 0.9047904007503832,
    "IDF1": 0.9047619047111899,
    "False Positives": 15,
    "False Negatives": 2,
    "ID Switches": 3
}