{
    "sequence1": {
        "name": "sequence1",
        "annot_fn_pattern": "",
        "video_fn_pattern": "",
        "cam_nbr": 2,
        "video_frame_nbr": 1200,
        "valid_frames_range": [0, 1200],
        "frame_width": 640,
        "frame_height": 640,
        "homography": [
            [
                [0.0308207526, -0.0107114747, -12.9206658],
                [0.00492114848, -0.0850948591, 24.0363245],
                [0.00216641323, -0.0209875294, 1.0]
            ],
            [
                [0.00204957246, 0.0387710790, -6.26229785],
                [0.0218264220, 0.00553568673, -5.17934667],
                [0.000253594087, 0.00668133920, 1.0]
            ]
        ],
        "train_ratio": 0.9,
        "eval_ratio": 0.2,
        "test_ratio": 0.1
    }
}
